{
  "A+": {
    "precision": 0.926829268292683,
    "recall": 0.8941176470588236,
    "f1-score": 0.9101796407185628,
    "support": 85.0
  },
  "A-": {
    "precision": 0.8961038961038961,
    "recall": 0.9139072847682119,
    "f1-score": 0.9049180327868852,
    "support": 151.0
  },
  "B+": {
    "precision": 0.9183673469387755,
    "recall": 0.9183673469387755,
    "f1-score": 0.9183673469387755,
    "support": 98.0
  },
  "B-": {
    "precision": 0.926605504587156,
    "recall": 0.9099099099099099,
    "f1-score": 0.9181818181818182,
    "support": 111.0
  },
  "AB+": {
    "precision": 0.9038461538461539,
    "recall": 0.8867924528301887,
    "f1-score": 0.8952380952380953,
    "support": 106.0
  },
  "AB-": {
    "precision": 0.8487394957983193,
    "recall": 0.8859649122807017,
    "f1-score": 0.8669527896995708,
    "support": 114.0
  },
  "O+": {
    "precision": 0.8931297709923665,
    "recall": 0.9140625,
    "f1-score": 0.9034749034749034,
    "support": 128.0
  },
  "O-": {
    "precision": 0.8446601941747572,
    "recall": 0.8130841121495327,
    "f1-score": 0.8285714285714286,
    "support": 107.0
  },
  "accuracy": 0.8933333333333333,
  "macro avg": {
    "precision": 0.8947852038417634,
    "recall": 0.892025770742018,
    "f1-score": 0.893235506951255,
    "support": 900.0
  },
  "weighted avg": {
    "precision": 0.8935651482424037,
    "recall": 0.8933333333333333,
    "f1-score": 0.8932842898366655,
    "support": 900.0
  }
}